index,Order ID,Date,Status,Fulfilment,Sales Channel ,ship-service-level,Style,SKU,Category,Size,ASIN,Courier Status,Qty,currency,Amount,ship-city,ship-state,ship-postal-code,ship-country,promotion-ids,B2B,fulfilled-by,Unnamed: 22,Year,Month,MonthName,WeekNumber,Quarter,DayOfWeek,B2BLabel,RevenuePerUnit,OrderSizeBucket,IsCancelled,IsDelivered,SizeRank
1,171-9198151-1101146,2022-04-30,Shipped - Delivered To Buyer,Merchant,Amazon.in,Standard,Jne3781,JNE3781-KR-XXXL,Kurta,3Xl,B09K3WFS32,Shipped,1,Inr,406.0,BENGALURU,KARNATAKA,560085.0,IN,"Amazon PLCC Free-Financing Universal Merchant AAT-WNKTBO3K27EJC,Amazon PLCC Free-Financing Universal Merchant AAT-QX3UCCJESKPA2,Amazon PLCC Free-Financing Universal Merchant AAT-5QQ7BIYYQEDN2,Amazon PLCC Free-Financing Universal Merchant AAT-DSJ2QRXXWXVMQ,Amazon PLCC Free-Financing Universal Merchant AAT-CXJHMC2YJUK76,Amazon PLCC Free-Financing Universal Merchant AAT-CC4FAVTYR4X7C,Amazon PLCC Free-Financing Universal Merchant AAT-XXRCW6NZEPZI4,Amazon PLCC Free-Financing Universal Merchant AAT-CXNSLNBROFDW4,Amazon PLCC Free-Financing Universal Merchant AAT-R7GXNZWISTRFA,Amazon PLCC Free-Financing Universal Merchant AAT-WSJLDN3X7KEMO,Amazon PLCC Free-Financing Universal Merchant AAT-VL6FGQVGQVXUS,Amazon PLCC Free-Financing Universal Merchant AAT-EOKPWFWYW7Y6I,Amazon PLCC Free-Financing Universal Merchant AAT-ZYL5UPUNW6T62,Amazon PLCC Free-Financing Universal Merchant AAT-XVPICCHRWDCAI,Amazon PLCC Free-Financing Universal Merchant AAT-ETXQ3XXWMRXBG,Amazon PLCC Free-Financing Universal Merchant AAT-7X3XCTYG64VBE,Amazon PLCC Free-Financing Universal Merchant AAT-7CHGD3WTS3MHM,Amazon PLCC Free-Financing Universal Merchant AAT-26ZDKNME27X42,Amazon PLCC Free-Financing Universal Merchant AAT-4ZF5KN6E4LJK4,Amazon PLCC Free-Financing Universal Merchant AAT-7RCXIKUAX7DDY,Amazon PLCC Free-Financing Universal Merchant AAT-BRSZZ45H6MHAO,Amazon PLCC Free-Financing Universal Merchant AAT-MKLXOOZWQL7GO,Amazon PLCC Free-Financing Universal Merchant AAT-CB7UNXEXGIJTC,Amazon PLCC Free-Financing Universal Merchant #MP-gzasho-1593152694811,Amazon PLCC Free-Financing Universal Merchant AAT-WLBA4GZ52EAH4",False,Easy Ship,,2022,4,April,17,2,<bound method PandasDelegate._add_delegate_accessors.<locals>._create_delegator_method.<locals>.f of <pandas.core.indexes.accessors.DatetimeProperties object at 0x000001CA362C6300>>,B2C,406.0,Single (1),0,0,99.0
2,404-0687676-7273146,2022-04-30,Shipped,Amazon,Amazon.in,Expedited,Jne3371,JNE3371-KR-XL,Kurta,Xl,B07WV4JV4D,Shipped,1,Inr,329.0,NAVI MUMBAI,MAHARASHTRA,410210.0,IN,IN Core Free Shipping 2015/04/08 23-48-5-108,True,,,2022,4,April,17,2,<bound method PandasDelegate._add_delegate_accessors.<locals>._create_delegator_method.<locals>.f of <pandas.core.indexes.accessors.DatetimeProperties object at 0x000001CA362C6300>>,B2B,329.0,Single (1),0,0,99.0
4,407-1069790-7240320,2022-04-30,Shipped,Amazon,Amazon.in,Expedited,Jne3671,JNE3671-TU-XXXL,Top,3Xl,B098714BZP,Shipped,1,Inr,574.0,CHENNAI,TAMIL NADU,600073.0,IN,,False,,,2022,4,April,17,2,<bound method PandasDelegate._add_delegate_accessors.<locals>._create_delegator_method.<locals>.f of <pandas.core.indexes.accessors.DatetimeProperties object at 0x000001CA362C6300>>,B2C,574.0,Single (1),0,0,99.0
5,404-1490984-4578765,2022-04-30,Shipped,Amazon,Amazon.in,Expedited,Set264,SET264-KR-NP-XL,Set,Xl,B08YN7XDSG,Shipped,1,Inr,824.0,GHAZIABAD,UTTAR PRADESH,201102.0,IN,IN Core Free Shipping 2015/04/08 23-48-5-108,False,,,2022,4,April,17,2,<bound method PandasDelegate._add_delegate_accessors.<locals>._create_delegator_method.<locals>.f of <pandas.core.indexes.accessors.DatetimeProperties object at 0x000001CA362C6300>>,B2C,824.0,Single (1),0,0,99.0
6,408-5748499-6859555,2022-04-30,Shipped,Amazon,Amazon.in,Expedited,J0095,J0095-SET-L,Set,L,B08CMHNWBN,Shipped,1,Inr,653.0,CHANDIGARH,CHANDIGARH,160036.0,IN,IN Core Free Shipping 2015/04/08 23-48-5-108,False,,,2022,4,April,17,2,<bound method PandasDelegate._add_delegate_accessors.<locals>._create_delegator_method.<locals>.f of <pandas.core.indexes.accessors.DatetimeProperties object at 0x000001CA362C6300>>,B2C,653.0,Single (1),0,0,4.0
7,406-7807733-3785945,2022-04-30,Shipped - Delivered To Buyer,Merchant,Amazon.in,Standard,Jne3405,JNE3405-KR-S,Kurta,S,B081WX4G4Q,Shipped,1,Inr,399.0,HYDERABAD,TELANGANA,500032.0,IN,"Amazon PLCC Free-Financing Universal Merchant AAT-WNKTBO3K27EJC,Amazon PLCC Free-Financing Universal Merchant AAT-QX3UCCJESKPA2,Amazon PLCC Free-Financing Universal Merchant AAT-5QQ7BIYYQEDN2,Amazon PLCC Free-Financing Universal Merchant AAT-DSJ2QRXXWXVMQ,Amazon PLCC Free-Financing Universal Merchant AAT-CXJHMC2YJUK76,Amazon PLCC Free-Financing Universal Merchant AAT-CC4FAVTYR4X7C,Amazon PLCC Free-Financing Universal Merchant AAT-XXRCW6NZEPZI4,Amazon PLCC Free-Financing Universal Merchant AAT-EOKPWFWYW7Y6I,Amazon PLCC Free-Financing Universal Merchant AAT-ZYL5UPUNW6T62,Amazon PLCC Free-Financing Universal Merchant AAT-ETXQ3XXWMRXBG,Amazon PLCC Free-Financing Universal Merchant AAT-7X3XCTYG64VBE,Amazon PLCC Free-Financing Universal Merchant AAT-7CHGD3WTS3MHM,Amazon PLCC Free-Financing Universal Merchant AAT-26ZDKNME27X42,Amazon PLCC Free-Financing Universal Merchant AAT-4ZF5KN6E4LJK4,Amazon PLCC Free-Financing Universal Merchant AAT-7RCXIKUAX7DDY,Amazon PLCC Free-Financing Universal Merchant AAT-BRSZZ45H6MHAO,Amazon PLCC Free-Financing Universal Merchant AAT-MKLXOOZWQL7GO,Amazon PLCC Free-Financing Universal Merchant AAT-CB7UNXEXGIJTC,Amazon PLCC Free-Financing Universal Merchant #MP-gzasho-1593152694811,Amazon PLCC Free-Financing Universal Merchant AAT-WLBA4GZ52EAH4",False,Easy Ship,,2022,4,April,17,2,<bound method PandasDelegate._add_delegate_accessors.<locals>._create_delegator_method.<locals>.f of <pandas.core.indexes.accessors.DatetimeProperties object at 0x000001CA362C6300>>,B2C,399.0,Single (1),0,0,2.0
9,402-4393761-0311520,2022-04-30,Shipped,Amazon,Amazon.in,Expedited,Jne3461,JNE3461-KR-XXL,Kurta,Xxl,B08B3XF5MH,Shipped,1,Inr,363.0,Chennai,TAMIL NADU,600041.0,IN,,False,,,2022,4,April,17,2,<bound method PandasDelegate._add_delegate_accessors.<locals>._create_delegator_method.<locals>.f of <pandas.core.indexes.accessors.DatetimeProperties object at 0x000001CA362C6300>>,B2C,363.0,Single (1),0,0,99.0
10,407-5633625-6970741,2022-04-30,Shipped,Amazon,Amazon.in,Expedited,Jne3160,JNE3160-KR-G-S,Kurta,S,B07K3YQLF1,Shipped,1,Inr,685.0,CHENNAI,TAMIL NADU,600073.0,IN,,False,,,2022,4,April,17,2,<bound method PandasDelegate._add_delegate_accessors.<locals>._create_delegator_method.<locals>.f of <pandas.core.indexes.accessors.DatetimeProperties object at 0x000001CA362C6300>>,B2C,685.0,Single (1),0,0,2.0
11,171-4638481-6326716,2022-04-30,Shipped,Amazon,Amazon.in,Expedited,Jne3500,JNE3500-KR-XS,Kurta,Xs,B098117DJ3,Shipped,1,Inr,364.0,NOIDA,UTTAR PRADESH,201303.0,IN,,False,,,2022,4,April,17,2,<bound method PandasDelegate._add_delegate_accessors.<locals>._create_delegator_method.<locals>.f of <pandas.core.indexes.accessors.DatetimeProperties object at 0x000001CA362C6300>>,B2C,364.0,Single (1),0,0,99.0
12,405-5513694-8146768,2022-04-30,Shipped - Delivered To Buyer,Merchant,Amazon.in,Standard,Jne3405,JNE3405-KR-XS,Kurta,Xs,B081XCMYXJ,Shipped,1,Inr,399.0,Amravati.,MAHARASHTRA,444606.0,IN,"Amazon PLCC Free-Financing Universal Merchant AAT-WNKTBO3K27EJC,Amazon PLCC Free-Financing Universal Merchant AAT-QX3UCCJESKPA2,Amazon PLCC Free-Financing Universal Merchant AAT-5QQ7BIYYQEDN2,Amazon PLCC Free-Financing Universal Merchant AAT-DSJ2QRXXWXVMQ,Amazon PLCC Free-Financing Universal Merchant AAT-CXJHMC2YJUK76,Amazon PLCC Free-Financing Universal Merchant AAT-CC4FAVTYR4X7C,Amazon PLCC Free-Financing Universal Merchant AAT-XXRCW6NZEPZI4,Amazon PLCC Free-Financing Universal Merchant AAT-EOKPWFWYW7Y6I,Amazon PLCC Free-Financing Universal Merchant AAT-ETXQ3XXWMRXBG,Amazon PLCC Free-Financing Universal Merchant AAT-7X3XCTYG64VBE,Amazon PLCC Free-Financing Universal Merchant AAT-7CHGD3WTS3MHM,Amazon PLCC Free-Financing Universal Merchant AAT-26ZDKNME27X42,Amazon PLCC Free-Financing Universal Merchant AAT-4ZF5KN6E4LJK4,Amazon PLCC Free-Financing Universal Merchant AAT-7RCXIKUAX7DDY,Amazon PLCC Free-Financing Universal Merchant AAT-BRSZZ45H6MHAO,Amazon PLCC Free-Financing Universal Merchant AAT-MKLXOOZWQL7GO,Amazon PLCC Free-Financing Universal Merchant AAT-CB7UNXEXGIJTC,Amazon PLCC Free-Financing Universal Merchant #MP-gzasho-1593152694811,Amazon PLCC Free-Financing Universal Merchant AAT-WLBA4GZ52EAH4",False,Easy Ship,,2022,4,April,17,2,<bound method PandasDelegate._add_delegate_accessors.<locals>._create_delegator_method.<locals>.f of <pandas.core.indexes.accessors.DatetimeProperties object at 0x000001CA362C6300>>,B2C,399.0,Single (1),0,0,99.0
13,408-7955685-3083534,2022-04-30,Shipped,Amazon,Amazon.in,Expedited,Set182,SET182-KR-DH-XS,Set,Xs,B085HS947T,Shipped,1,Inr,657.0,MUMBAI,MAHARASHTRA,400053.0,IN,,False,,,2022,4,April,17,2,<bound method PandasDelegate._add_delegate_accessors.<locals>._create_delegator_method.<locals>.f of <pandas.core.indexes.accessors.DatetimeProperties object at 0x000001CA362C6300>>,B2C,657.0,Single (1),0,0,99.0
14,408-1298370-1920302,2022-04-30,Shipped - Delivered To Buyer,Merchant,Amazon.in,Standard,J0351,J0351-SET-L,Set,L,B09CSSQY4F,Shipped,1,Inr,771.0,MUMBAI,MAHARASHTRA,400053.0,IN,"Amazon PLCC Free-Financing Universal Merchant AAT-WNKTBO3K27EJC,Amazon PLCC Free-Financing Universal Merchant AAT-QX3UCCJESKPA2,Amazon PLCC Free-Financing Universal Merchant AAT-5QQ7BIYYQEDN2,Amazon PLCC Free-Financing Universal Merchant AAT-DSJ2QRXXWXVMQ,Amazon PLCC Free-Financing Universal Merchant AAT-CXJHMC2YJUK76,Amazon PLCC Free-Financing Universal Merchant AAT-SL3Y2YRMAUNFC,Amazon PLCC Free-Financing Universal Merchant AAT-CC4FAVTYR4X7C,Amazon PLCC Free-Financing Universal Merchant AAT-XXRCW6NZEPZI4,Amazon PLCC Free-Financing Universal Merchant AAT-EOKPWFWYW7Y6I,Amazon PLCC Free-Financing Universal Merchant AAT-ZYL5UPUNW6T62,Amazon PLCC Free-Financing Universal Merchant AAT-ETXQ3XXWMRXBG,Amazon PLCC Free-Financing Universal Merchant AAT-7X3XCTYG64VBE,Amazon PLCC Free-Financing Universal Merchant AAT-7CHGD3WTS3MHM,Amazon PLCC Free-Financing Universal Merchant AAT-26ZDKNME27X42,Amazon PLCC Free-Financing Universal Merchant AAT-4ZF5KN6E4LJK4,Amazon PLCC Free-Financing Universal Merchant AAT-7RCXIKUAX7DDY,Amazon PLCC Free-Financing Universal Merchant AAT-TNYBHEAO7HOHO,Amazon PLCC Free-Financing Universal Merchant AAT-BRSZZ45H6MHAO,Amazon PLCC Free-Financing Universal Merchant AAT-MKLXOOZWQL7GO,Amazon PLCC Free-Financing Universal Merchant AAT-CB7UNXEXGIJTC,Amazon PLCC Free-Financing Universal Merchant #MP-gzasho-1593152694811,Amazon PLCC Free-Financing Universal Merchant AAT-WLBA4GZ52EAH4,Amazon PLCC Free-Financing Universal Merchant AAT-QMFZ3M7T5NPDS,Amazon PLCC Free-Financing Universal Merchant #MP-pmilan-1601980554292",False,Easy Ship,,2022,4,April,17,2,<bound method PandasDelegate._add_delegate_accessors.<locals>._create_delegator_method.<locals>.f of <pandas.core.indexes.accessors.DatetimeProperties object at 0x000001CA362C6300>>,B2C,771.0,Single (1),0,0,4.0
15,403-4965581-9520319,2022-04-30,Shipped - Delivered To Buyer,Merchant,Amazon.in,Standard,Pjne3368,PJNE3368-KR-6XL,Kurta,6Xl,B09PY99SVJ,Shipped,1,Inr,544.0,GUNTAKAL,ANDHRA PRADESH,515801.0,IN,"Amazon PLCC Free-Financing Universal Merchant AAT-WNKTBO3K27EJC,Amazon PLCC Free-Financing Universal Merchant AAT-QX3UCCJESKPA2,Amazon PLCC Free-Financing Universal Merchant AAT-5QQ7BIYYQEDN2,Amazon PLCC Free-Financing Universal Merchant AAT-DSJ2QRXXWXVMQ,Amazon PLCC Free-Financing Universal Merchant AAT-CXJHMC2YJUK76,Amazon PLCC Free-Financing Universal Merchant AAT-SL3Y2YRMAUNFC,Amazon PLCC Free-Financing Universal Merchant AAT-CC4FAVTYR4X7C,Amazon PLCC Free-Financing Universal Merchant AAT-XXRCW6NZEPZI4,Amazon PLCC Free-Financing Universal Merchant AAT-EOKPWFWYW7Y6I,Amazon PLCC Free-Financing Universal Merchant AAT-ZYL5UPUNW6T62,Amazon PLCC Free-Financing Universal Merchant AAT-ETXQ3XXWMRXBG,Amazon PLCC Free-Financing Universal Merchant AAT-7X3XCTYG64VBE,Amazon PLCC Free-Financing Universal Merchant AAT-7CHGD3WTS3MHM,Amazon PLCC Free-Financing Universal Merchant AAT-26ZDKNME27X42,Amazon PLCC Free-Financing Universal Merchant AAT-4ZF5KN6E4LJK4,Amazon PLCC Free-Financing Universal Merchant AAT-7RCXIKUAX7DDY,Amazon PLCC Free-Financing Universal Merchant AAT-BRSZZ45H6MHAO,Amazon PLCC Free-Financing Universal Merchant AAT-MKLXOOZWQL7GO,Amazon PLCC Free-Financing Universal Merchant AAT-CB7UNXEXGIJTC,Amazon PLCC Free-Financing Universal Merchant #MP-gzasho-1593152694811,Amazon PLCC Free-Financing Universal Merchant AAT-WLBA4GZ52EAH4",False,Easy Ship,,2022,4,April,17,2,<bound method PandasDelegate._add_delegate_accessors.<locals>._create_delegator_method.<locals>.f of <pandas.core.indexes.accessors.DatetimeProperties object at 0x000001CA362C6300>>,B2C,544.0,Single (1),0,0,99.0
16,406-9379318-6555504,2022-04-30,Shipped,Amazon,Amazon.in,Expedited,Jne3721,JNE3721-KR-XXL,Kurta,Xxl,B099FCT65D,Shipped,1,Inr,329.0,JAIPUR,RAJASTHAN,302020.0,IN,IN Core Free Shipping 2015/04/08 23-48-5-108,False,,,2022,4,April,17,2,<bound method PandasDelegate._add_delegate_accessors.<locals>._create_delegator_method.<locals>.f of <pandas.core.indexes.accessors.DatetimeProperties object at 0x000001CA362C6300>>,B2C,329.0,Single (1),0,0,99.0
17,405-9013803-8009918,2022-04-30,Shipped,Amazon,Amazon.in,Expedited,Jne3405,JNE3405-KR-XL,Kurta,Xl,B081WT6GG7,Shipped,1,Inr,399.0,NEW DELHI,DELHI,110074.0,IN,,False,,,2022,4,April,17,2,<bound method PandasDelegate._add_delegate_accessors.<locals>._create_delegator_method.<locals>.f of <pandas.core.indexes.accessors.DatetimeProperties object at 0x000001CA362C6300>>,B2C,399.0,Single (1),0,0,99.0
18,402-4030358-5835511,2022-04-30,Shipped - Delivered To Buyer,Merchant,Amazon.in,Standard,Jne3697,JNE3697-KR-XXL,Kurta,Xxl,B098133PV5,Shipped,1,Inr,458.0,Gurgaon,HARYANA,122004.0,IN,"Amazon PLCC Free-Financing Universal Merchant AAT-WNKTBO3K27EJC,Amazon PLCC Free-Financing Universal Merchant AAT-QX3UCCJESKPA2,Amazon PLCC Free-Financing Universal Merchant AAT-5QQ7BIYYQEDN2,Amazon PLCC Free-Financing Universal Merchant AAT-DSJ2QRXXWXVMQ,Amazon PLCC Free-Financing Universal Merchant AAT-CXJHMC2YJUK76,Amazon PLCC Free-Financing Universal Merchant AAT-SL3Y2YRMAUNFC,Amazon PLCC Free-Financing Universal Merchant AAT-CC4FAVTYR4X7C,Amazon PLCC Free-Financing Universal Merchant AAT-XXRCW6NZEPZI4,Amazon PLCC Free-Financing Universal Merchant AAT-EOKPWFWYW7Y6I,Amazon PLCC Free-Financing Universal Merchant AAT-ZYL5UPUNW6T62,Amazon PLCC Free-Financing Universal Merchant AAT-ETXQ3XXWMRXBG,Amazon PLCC Free-Financing Universal Merchant AAT-7X3XCTYG64VBE,Amazon PLCC Free-Financing Universal Merchant AAT-7CHGD3WTS3MHM,Amazon PLCC Free-Financing Universal Merchant AAT-26ZDKNME27X42,Amazon PLCC Free-Financing Universal Merchant AAT-4ZF5KN6E4LJK4,Amazon PLCC Free-Financing Universal Merchant AAT-7RCXIKUAX7DDY,Amazon PLCC Free-Financing Universal Merchant AAT-BRSZZ45H6MHAO,Amazon PLCC Free-Financing Universal Merchant AAT-MKLXOOZWQL7GO,Amazon PLCC Free-Financing Universal Merchant AAT-CB7UNXEXGIJTC,Amazon PLCC Free-Financing Universal Merchant #MP-gzasho-1593152694811,Amazon PLCC Free-Financing Universal Merchant AAT-WLBA4GZ52EAH4,Amazon PLCC Free-Financing Universal Merchant #MP-pmilan-1601980554292",False,Easy Ship,,2022,4,April,17,2,<bound method PandasDelegate._add_delegate_accessors.<locals>._create_delegator_method.<locals>.f of <pandas.core.indexes.accessors.DatetimeProperties object at 0x000001CA362C6300>>,B2C,458.0,Single (1),0,0,99.0
19,405-5957858-1051546,2022-04-30,Shipped,Amazon,Amazon.in,Expedited,Set254,SET254-KR-NP-XS,Set,Xs,B0983DDPL6,Shipped,1,Inr,886.0,BENGALURU,KARNATAKA,560017.0,IN,,False,,,2022,4,April,17,2,<bound method PandasDelegate._add_delegate_accessors.<locals>._create_delegator_method.<locals>.f of <pandas.core.indexes.accessors.DatetimeProperties object at 0x000001CA362C6300>>,B2C,886.0,Single (1),0,0,99.0
20,405-0607769-0716360,2022-04-30,Shipped,Amazon,Amazon.in,Expedited,Jne3795,JNE3795-KR-XXXL,Kurta,3Xl,B09HMXJVFS,Shipped,1,Inr,517.0,TIRUCHIRAPPALLI,TAMIL NADU,620018.0,IN,IN Core Free Shipping 2015/04/08 23-48-5-108,False,,,2022,4,April,17,2,<bound method PandasDelegate._add_delegate_accessors.<locals>._create_delegator_method.<locals>.f of <pandas.core.indexes.accessors.DatetimeProperties object at 0x000001CA362C6300>>,B2C,517.0,Single (1),0,0,99.0
21,404-8494550-5860325,2022-04-30,Shipped,Amazon,Amazon.in,Expedited,Set345,SET345-KR-NP-M,Set,M,B09KXV4BN8,Shipped,1,Inr,666.0,BENGALURU,KARNATAKA,560040.0,IN,IN Core Free Shipping 2015/04/08 23-48-5-108,False,,,2022,4,April,17,2,<bound method PandasDelegate._add_delegate_accessors.<locals>._create_delegator_method.<locals>.f of <pandas.core.indexes.accessors.DatetimeProperties object at 0x000001CA362C6300>>,B2C,666.0,Single (1),0,0,3.0
22,171-1305077-2813934,2022-04-30,Shipped,Amazon,Amazon.in,Expedited,Jne3373,JNE3373-KR-L,Kurta,L,B082W7GVH7,Shipped,1,Inr,376.0,HYDERABAD,TELANGANA,500072.0,IN,,False,,,2022,4,April,17,2,<bound method PandasDelegate._add_delegate_accessors.<locals>._create_delegator_method.<locals>.f of <pandas.core.indexes.accessors.DatetimeProperties object at 0x000001CA362C6300>>,B2C,376.0,Single (1),0,0,4.0
24,402-3384087-4005164,2022-04-30,Shipped,Amazon,Amazon.in,Expedited,Men5002,MEN5002-KR-L,Kurta,L,B08YYYDN9R,Shipped,1,Inr,499.0,TEZPUR,ASSAM,784001.0,IN,IN Core Free Shipping 2015/04/08 23-48-5-108,False,,,2022,4,April,17,2,<bound method PandasDelegate._add_delegate_accessors.<locals>._create_delegator_method.<locals>.f of <pandas.core.indexes.accessors.DatetimeProperties object at 0x000001CA362C6300>>,B2C,499.0,Single (1),0,0,4.0
25,405-8191138-5176316,2022-04-30,Shipped - Delivered To Buyer,Merchant,Amazon.in,Standard,Nw030,NW030-TP-PJ-XS,Set,Xs,B09G2RQSRZ,Shipped,1,Inr,582.0,RANCHI,JHARKHAND,834002.0,IN,"Amazon PLCC Free-Financing Universal Merchant AAT-WNKTBO3K27EJC,Amazon PLCC Free-Financing Universal Merchant AAT-QX3UCCJESKPA2,Amazon PLCC Free-Financing Universal Merchant AAT-5QQ7BIYYQEDN2,Amazon PLCC Free-Financing Universal Merchant AAT-DSJ2QRXXWXVMQ,Amazon PLCC Free-Financing Universal Merchant AAT-CXJHMC2YJUK76,Amazon PLCC Free-Financing Universal Merchant AAT-SL3Y2YRMAUNFC,Amazon PLCC Free-Financing Universal Merchant AAT-CC4FAVTYR4X7C,Amazon PLCC Free-Financing Universal Merchant AAT-XXRCW6NZEPZI4,Amazon PLCC Free-Financing Universal Merchant AAT-WSJLDN3X7KEMO,Amazon PLCC Free-Financing Universal Merchant AAT-VL6FGQVGQVXUS,Amazon PLCC Free-Financing Universal Merchant AAT-EOKPWFWYW7Y6I,Amazon PLCC Free-Financing Universal Merchant AAT-ZYL5UPUNW6T62,Amazon PLCC Free-Financing Universal Merchant AAT-XVPICCHRWDCAI,Amazon PLCC Free-Financing Universal Merchant AAT-ETXQ3XXWMRXBG,Amazon PLCC Free-Financing Universal Merchant AAT-7X3XCTYG64VBE,Amazon PLCC Free-Financing Universal Merchant AAT-7CHGD3WTS3MHM,Amazon PLCC Free-Financing Universal Merchant AAT-26ZDKNME27X42,Amazon PLCC Free-Financing Universal Merchant AAT-4ZF5KN6E4LJK4,Amazon PLCC Free-Financing Universal Merchant AAT-7RCXIKUAX7DDY,Amazon PLCC Free-Financing Universal Merchant AAT-BRSZZ45H6MHAO,Amazon PLCC Free-Financing Universal Merchant AAT-MKLXOOZWQL7GO,Amazon PLCC Free-Financing Universal Merchant AAT-CB7UNXEXGIJTC,Amazon PLCC Free-Financing Universal Merchant #MP-gzasho-1593152694811,Amazon PLCC Free-Financing Universal Merchant AAT-WLBA4GZ52EAH4",False,Easy Ship,,2022,4,April,17,2,<bound method PandasDelegate._add_delegate_accessors.<locals>._create_delegator_method.<locals>.f of <pandas.core.indexes.accessors.DatetimeProperties object at 0x000001CA362C6300>>,B2C,582.0,Single (1),0,0,99.0
26,403-9230474-9657916,2022-04-30,Shipped - Delivered To Buyer,Merchant,Amazon.in,Standard,Jne3415,JNE3415-KR-XXXL,Kurta,3Xl,B082W8JXJ9,Shipped,1,Inr,299.0,BILASPUR,CHHATTISGARH,495001.0,IN,"Amazon PLCC Free-Financing Universal Merchant AAT-WNKTBO3K27EJC,Amazon PLCC Free-Financing Universal Merchant AAT-QX3UCCJESKPA2,Amazon PLCC Free-Financing Universal Merchant AAT-5QQ7BIYYQEDN2,Amazon PLCC Free-Financing Universal Merchant AAT-DSJ2QRXXWXVMQ,Amazon PLCC Free-Financing Universal Merchant AAT-CXJHMC2YJUK76,Amazon PLCC Free-Financing Universal Merchant AAT-CC4FAVTYR4X7C,Amazon PLCC Free-Financing Universal Merchant AAT-XXRCW6NZEPZI4,Amazon PLCC Free-Financing Universal Merchant AAT-EOKPWFWYW7Y6I,Amazon PLCC Free-Financing Universal Merchant AAT-ETXQ3XXWMRXBG,Amazon PLCC Free-Financing Universal Merchant AAT-7X3XCTYG64VBE,Amazon PLCC Free-Financing Universal Merchant AAT-7CHGD3WTS3MHM,Amazon PLCC Free-Financing Universal Merchant AAT-26ZDKNME27X42,Amazon PLCC Free-Financing Universal Merchant AAT-4ZF5KN6E4LJK4,Amazon PLCC Free-Financing Universal Merchant AAT-7RCXIKUAX7DDY,Amazon PLCC Free-Financing Universal Merchant AAT-BRSZZ45H6MHAO,Amazon PLCC Free-Financing Universal Merchant AAT-MKLXOOZWQL7GO,Amazon PLCC Free-Financing Universal Merchant AAT-CB7UNXEXGIJTC,Amazon PLCC Free-Financing Universal Merchant #MP-gzasho-1593152694811,Amazon PLCC Free-Financing Universal Merchant AAT-WLBA4GZ52EAH4",False,Easy Ship,,2022,4,April,17,2,<bound method PandasDelegate._add_delegate_accessors.<locals>._create_delegator_method.<locals>.f of <pandas.core.indexes.accessors.DatetimeProperties object at 0x000001CA362C6300>>,B2C,299.0,Single (1),0,0,99.0
27,408-3484251-6901959,2022-04-30,Shipped,Amazon,Amazon.in,Expedited,Pjne2199,PJNE2199-KR-N-4XL,Kurta,4Xl,B09LD2W9XL,Shipped,1,Inr,459.0,PUNE,MAHARASHTRA,411052.0,IN,,False,,,2022,4,April,17,2,<bound method PandasDelegate._add_delegate_accessors.<locals>._create_delegator_method.<locals>.f of <pandas.core.indexes.accessors.DatetimeProperties object at 0x000001CA362C6300>>,B2C,459.0,Single (1),0,0,99.0
28,405-7755803-4729935,2022-04-30,Shipped,Amazon,Amazon.in,Expedited,Jne3567,JNE3567-KR-M,Kurta,M,B08KRXV1QR,Shipped,1,Inr,399.0,BENGALURU,KARNATAKA,560037.0,IN,IN Core Free Shipping 2015/04/08 23-48-5-108,False,,,2022,4,April,17,2,<bound method PandasDelegate._add_delegate_accessors.<locals>._create_delegator_method.<locals>.f of <pandas.core.indexes.accessors.DatetimeProperties object at 0x000001CA362C6300>>,B2C,399.0,Single (1),0,0,3.0
30,171-9040274-9291563,2022-04-30,Shipped,Amazon,Amazon.in,Expedited,J0341,J0341-DR-S,Western Dress,S,B099NR7612,Shipped,1,Inr,791.0,THIRUVARUR,TAMIL NADU,613704.0,IN,IN Core Free Shipping 2015/04/08 23-48-5-108,False,,,2022,4,April,17,2,<bound method PandasDelegate._add_delegate_accessors.<locals>._create_delegator_method.<locals>.f of <pandas.core.indexes.accessors.DatetimeProperties object at 0x000001CA362C6300>>,B2C,791.0,Single (1),0,0,2.0
31,403-7056319-0979561,2022-04-30,Shipped,Amazon,Amazon.in,Expedited,Men5009,MEN5009-KR-XL,Kurta,Xl,B08YYTCPYX,Shipped,1,Inr,499.0,LUCKNOW,UTTAR PRADESH,226010.0,IN,IN Core Free Shipping 2015/04/08 23-48-5-108,False,,,2022,4,April,17,2,<bound method PandasDelegate._add_delegate_accessors.<locals>._create_delegator_method.<locals>.f of <pandas.core.indexes.accessors.DatetimeProperties object at 0x000001CA362C6300>>,B2C,499.0,Single (1),0,0,99.0
32,404-9632124-1107550,2022-04-30,Shipped - Delivered To Buyer,Merchant,Amazon.in,Standard,J0011,J0011-LCD-M,Set,M,B08B3YNJG5,Shipped,1,Inr,1233.0,VISAKHAPATNAM,ANDHRA PRADESH,530016.0,IN,"Amazon PLCC Free-Financing Universal Merchant AAT-WNKTBO3K27EJC,Amazon PLCC Free-Financing Universal Merchant AAT-QX3UCCJESKPA2,Amazon PLCC Free-Financing Universal Merchant AAT-5QQ7BIYYQEDN2,Amazon PLCC Free-Financing Universal Merchant AAT-DSJ2QRXXWXVMQ,Amazon PLCC Free-Financing Universal Merchant AAT-CXJHMC2YJUK76,Amazon PLCC Free-Financing Universal Merchant AAT-SL3Y2YRMAUNFC,Amazon PLCC Free-Financing Universal Merchant AAT-CC4FAVTYR4X7C,Amazon PLCC Free-Financing Universal Merchant AAT-XXRCW6NZEPZI4,Amazon PLCC Free-Financing Universal Merchant AAT-WSJLDN3X7KEMO,Amazon PLCC Free-Financing Universal Merchant AAT-VL6FGQVGQVXUS,Amazon PLCC Free-Financing Universal Merchant AAT-EOKPWFWYW7Y6I,Amazon PLCC Free-Financing Universal Merchant AAT-ZYL5UPUNW6T62,Amazon PLCC Free-Financing Universal Merchant AAT-XVPICCHRWDCAI,Amazon PLCC Free-Financing Universal Merchant AAT-ETXQ3XXWMRXBG,Amazon PLCC Free-Financing Universal Merchant AAT-7X3XCTYG64VBE,Amazon PLCC Free-Financing Universal Merchant AAT-7CHGD3WTS3MHM,Amazon PLCC Free-Financing Universal Merchant AAT-26ZDKNME27X42,Amazon PLCC Free-Financing Universal Merchant AAT-4ZF5KN6E4LJK4,Amazon PLCC Free-Financing Universal Merchant AAT-7RCXIKUAX7DDY,Amazon PLCC Free-Financing Universal Merchant AAT-BRSZZ45H6MHAO,Amazon PLCC Free-Financing Universal Merchant AAT-MKLXOOZWQL7GO,Amazon PLCC Free-Financing Universal Merchant AAT-CB7UNXEXGIJTC,Amazon PLCC Free-Financing Universal Merchant #MP-gzasho-1593152694811,Amazon PLCC Free-Financing Universal Merchant AAT-WLBA4GZ52EAH4",False,Easy Ship,,2022,4,April,17,2,<bound method PandasDelegate._add_delegate_accessors.<locals>._create_delegator_method.<locals>.f of <pandas.core.indexes.accessors.DatetimeProperties object at 0x000001CA362C6300>>,B2C,1233.0,Single (1),0,0,3.0
33,402-1465437-0579556,2022-04-30,Shipped - Delivered To Buyer,Merchant,Amazon.in,Standard,Jne3766,JNE3766-KR-M,Kurta,M,B09K3XR43V,Shipped,1,Inr,517.0,JEYPUR,ODISHA,764001.0,IN,"Amazon PLCC Free-Financing Universal Merchant AAT-WNKTBO3K27EJC,Amazon PLCC Free-Financing Universal Merchant AAT-QX3UCCJESKPA2,Amazon PLCC Free-Financing Universal Merchant AAT-5QQ7BIYYQEDN2,Amazon PLCC Free-Financing Universal Merchant AAT-DSJ2QRXXWXVMQ,Amazon PLCC Free-Financing Universal Merchant AAT-CXJHMC2YJUK76,Amazon PLCC Free-Financing Universal Merchant AAT-CC4FAVTYR4X7C,Amazon PLCC Free-Financing Universal Merchant AAT-XXRCW6NZEPZI4,Amazon PLCC Free-Financing Universal Merchant AAT-EOKPWFWYW7Y6I,Amazon PLCC Free-Financing Universal Merchant AAT-ZYL5UPUNW6T62,Amazon PLCC Free-Financing Universal Merchant AAT-ETXQ3XXWMRXBG,Amazon PLCC Free-Financing Universal Merchant AAT-7X3XCTYG64VBE,Amazon PLCC Free-Financing Universal Merchant AAT-7CHGD3WTS3MHM,Amazon PLCC Free-Financing Universal Merchant AAT-26ZDKNME27X42,Amazon PLCC Free-Financing Universal Merchant AAT-4ZF5KN6E4LJK4,Amazon PLCC Free-Financing Universal Merchant AAT-7RCXIKUAX7DDY,Amazon PLCC Free-Financing Universal Merchant AAT-BRSZZ45H6MHAO,Amazon PLCC Free-Financing Universal Merchant AAT-MKLXOOZWQL7GO,Amazon PLCC Free-Financing Universal Merchant AAT-CB7UNXEXGIJTC,Amazon PLCC Free-Financing Universal Merchant #MP-gzasho-1593152694811,Amazon PLCC Free-Financing Universal Merchant AAT-WLBA4GZ52EAH4",False,Easy Ship,,2022,4,April,17,2,<bound method PandasDelegate._add_delegate_accessors.<locals>._create_delegator_method.<locals>.f of <pandas.core.indexes.accessors.DatetimeProperties object at 0x000001CA362C6300>>,B2C,517.0,Single (1),0,0,3.0
34,404-7774085-3780319,2022-04-30,Shipped,Amazon,Amazon.in,Expedited,Jne3373,JNE3373-KR-XL,Kurta,Xl,B082W8BXW1,Shipped,1,Inr,376.0,HYDERABAD,TELANGANA,500028.0,IN,,False,,,2022,4,April,17,2,<bound method PandasDelegate._add_delegate_accessors.<locals>._create_delegator_method.<locals>.f of <pandas.core.indexes.accessors.DatetimeProperties object at 0x000001CA362C6300>>,B2C,376.0,Single (1),0,0,99.0
35,402-2764952-1492318,2022-04-30,Shipped - Delivered To Buyer,Merchant,Amazon.in,Standard,Men5001,MEN5001-KR-XL,Kurta,Xl,B08YYRH2Q6,Shipped,1,Inr,499.0,LUCKNOW,UTTAR PRADESH,226016.0,IN,"Amazon PLCC Free-Financing Universal Merchant AAT-WNKTBO3K27EJC,Amazon PLCC Free-Financing Universal Merchant AAT-QX3UCCJESKPA2,Amazon PLCC Free-Financing Universal Merchant AAT-5QQ7BIYYQEDN2,Amazon PLCC Free-Financing Universal Merchant AAT-DSJ2QRXXWXVMQ,Amazon PLCC Free-Financing Universal Merchant AAT-CXJHMC2YJUK76,Amazon PLCC Free-Financing Universal Merchant AAT-SL3Y2YRMAUNFC,Amazon PLCC Free-Financing Universal Merchant AAT-CC4FAVTYR4X7C,Amazon PLCC Free-Financing Universal Merchant AAT-XXRCW6NZEPZI4,Amazon PLCC Free-Financing Universal Merchant AAT-EOKPWFWYW7Y6I,Amazon PLCC Free-Financing Universal Merchant AAT-ZYL5UPUNW6T62,Amazon PLCC Free-Financing Universal Merchant AAT-ETXQ3XXWMRXBG,Amazon PLCC Free-Financing Universal Merchant AAT-7X3XCTYG64VBE,Amazon PLCC Free-Financing Universal Merchant AAT-7CHGD3WTS3MHM,Amazon PLCC Free-Financing Universal Merchant AAT-26ZDKNME27X42,Amazon PLCC Free-Financing Universal Merchant AAT-4ZF5KN6E4LJK4,Amazon PLCC Free-Financing Universal Merchant AAT-7RCXIKUAX7DDY,Amazon PLCC Free-Financing Universal Merchant AAT-TNYBHEAO7HOHO,Amazon PLCC Free-Financing Universal Merchant AAT-BRSZZ45H6MHAO,Amazon PLCC Free-Financing Universal Merchant AAT-MKLXOOZWQL7GO,Amazon PLCC Free-Financing Universal Merchant AAT-CB7UNXEXGIJTC,Amazon PLCC Free-Financing Universal Merchant #MP-gzasho-1593152694811,Amazon PLCC Free-Financing Universal Merchant AAT-WLBA4GZ52EAH4,Amazon PLCC Free-Financing Universal Merchant AAT-QMFZ3M7T5NPDS,Amazon PLCC Free-Financing Universal Merchant #MP-pmilan-1601980554292",False,Easy Ship,,2022,4,April,17,2,<bound method PandasDelegate._add_delegate_accessors.<locals>._create_delegator_method.<locals>.f of <pandas.core.indexes.accessors.DatetimeProperties object at 0x000001CA362C6300>>,B2C,499.0,Single (1),0,0,99.0
36,406-0272200-7784379,2022-04-30,Shipped,Amazon,Amazon.in,Expedited,Set345,SET345-KR-NP-L,Set,L,B09KXT4VG7,Shipped,1,Inr,666.0,CHENNAI,TAMIL NADU,600033.0,IN,IN Core Free Shipping 2015/04/08 23-48-5-108,False,,,2022,4,April,17,2,<bound method PandasDelegate._add_delegate_accessors.<locals>._create_delegator_method.<locals>.f of <pandas.core.indexes.accessors.DatetimeProperties object at 0x000001CA362C6300>>,B2C,666.0,Single (1),0,0,4.0
37,403-4367956-2849158,2022-04-30,Shipped,Amazon,Amazon.in,Expedited,Jne3787,JNE3787-KR-S,Kurta,S,B09RKBXM5B,Shipped,1,Inr,487.0,NEW DELHI,DELHI,110092.0,IN,IN Core Free Shipping 2015/04/08 23-48-5-108,False,,,2022,4,April,17,2,<bound method PandasDelegate._add_delegate_accessors.<locals>._create_delegator_method.<locals>.f of <pandas.core.indexes.accessors.DatetimeProperties object at 0x000001CA362C6300>>,B2C,487.0,Single (1),0,0,2.0
38,403-4367956-2849158,2022-04-30,Shipped,Amazon,Amazon.in,Expedited,Jne3543,JNE3543-KR-S,Kurta,S,B08HHJP41L,Shipped,1,Inr,368.0,NEW DELHI,DELHI,110092.0,IN,IN Core Free Shipping 2015/04/08 23-48-5-108,False,,,2022,4,April,17,2,<bound method PandasDelegate._add_delegate_accessors.<locals>._create_delegator_method.<locals>.f of <pandas.core.indexes.accessors.DatetimeProperties object at 0x000001CA362C6300>>,B2C,368.0,Single (1),0,0,2.0
39,403-4242957-8599555,2022-04-30,Shipped,Amazon,Amazon.in,Expedited,Jne3405,JNE3405-KR-L,Kurta,L,B081WSCKPQ,Shipped,1,Inr,399.0,THIRUVANANTHAPURAM,KERALA,695011.0,IN,,False,,,2022,4,April,17,2,<bound method PandasDelegate._add_delegate_accessors.<locals>._create_delegator_method.<locals>.f of <pandas.core.indexes.accessors.DatetimeProperties object at 0x000001CA362C6300>>,B2C,399.0,Single (1),0,0,4.0
40,408-7165704-5643524,2022-04-30,Shipped,Amazon,Amazon.in,Expedited,J0211,J0211-DR-XXL,Ethnic Dress,Xxl,B09831VWD9,Shipped,1,Inr,699.0,GREATER NOIDA,UTTAR PRADESH,201306.0,IN,IN Core Free Shipping 2015/04/08 23-48-5-108,False,,,2022,4,April,17,2,<bound method PandasDelegate._add_delegate_accessors.<locals>._create_delegator_method.<locals>.f of <pandas.core.indexes.accessors.DatetimeProperties object at 0x000001CA362C6300>>,B2C,699.0,Single (1),0,0,99.0
41,402-8210765-3935569,2022-04-30,Shipped,Amazon,Amazon.in,Expedited,J0401,J0401-DR-XXXL,Western Dress,3Xl,B09SDXZBGX,Shipped,1,Inr,885.0,JABALPUR,MADHYA PRADESH,482002.0,IN,IN Core Free Shipping 2015/04/08 23-48-5-108,False,,,2022,4,April,17,2,<bound method PandasDelegate._add_delegate_accessors.<locals>._create_delegator_method.<locals>.f of <pandas.core.indexes.accessors.DatetimeProperties object at 0x000001CA362C6300>>,B2C,885.0,Single (1),0,0,99.0
42,406-7398201-3869914,2022-04-30,Shipped - Delivered To Buyer,Merchant,Amazon.in,Standard,Jne2153,JNE2153-KR-278-A-M,Kurta,M,B0794YR85H,Shipped,1,Inr,424.0,MUMBAI,MAHARASHTRA,400092.0,IN,"Amazon PLCC Free-Financing Universal Merchant AAT-WNKTBO3K27EJC,Amazon PLCC Free-Financing Universal Merchant AAT-QX3UCCJESKPA2,Amazon PLCC Free-Financing Universal Merchant AAT-5QQ7BIYYQEDN2,Amazon PLCC Free-Financing Universal Merchant AAT-DSJ2QRXXWXVMQ,Amazon PLCC Free-Financing Universal Merchant AAT-CXJHMC2YJUK76,Amazon PLCC Free-Financing Universal Merchant AAT-CC4FAVTYR4X7C,Amazon PLCC Free-Financing Universal Merchant AAT-XXRCW6NZEPZI4,Amazon PLCC Free-Financing Universal Merchant AAT-EOKPWFWYW7Y6I,Amazon PLCC Free-Financing Universal Merchant AAT-ETXQ3XXWMRXBG,Amazon PLCC Free-Financing Universal Merchant AAT-7X3XCTYG64VBE,Amazon PLCC Free-Financing Universal Merchant AAT-7CHGD3WTS3MHM,Amazon PLCC Free-Financing Universal Merchant AAT-26ZDKNME27X42,Amazon PLCC Free-Financing Universal Merchant AAT-4ZF5KN6E4LJK4,Amazon PLCC Free-Financing Universal Merchant AAT-7RCXIKUAX7DDY,Amazon PLCC Free-Financing Universal Merchant AAT-BRSZZ45H6MHAO,Amazon PLCC Free-Financing Universal Merchant AAT-MKLXOOZWQL7GO,Amazon PLCC Free-Financing Universal Merchant AAT-CB7UNXEXGIJTC,Amazon PLCC Free-Financing Universal Merchant #MP-gzasho-1593152694811,Amazon PLCC Free-Financing Universal Merchant AAT-WLBA4GZ52EAH4",False,Easy Ship,,2022,4,April,17,2,<bound method PandasDelegate._add_delegate_accessors.<locals>._create_delegator_method.<locals>.f of <pandas.core.indexes.accessors.DatetimeProperties object at 0x000001CA362C6300>>,B2C,424.0,Single (1),0,0,3.0
43,408-3478480-0881162,2022-04-30,Shipped,Amazon,Amazon.in,Expedited,Set360,SET360-KR-NP-M,Set,M,B09QJM1D7F,Shipped,1,Inr,1126.0,LUCKNOW,UTTAR PRADESH,226017.0,IN,IN Core Free Shipping 2015/04/08 23-48-5-108,False,,,2022,4,April,17,2,<bound method PandasDelegate._add_delegate_accessors.<locals>._create_delegator_method.<locals>.f of <pandas.core.indexes.accessors.DatetimeProperties object at 0x000001CA362C6300>>,B2C,1126.0,Single (1),0,0,3.0
44,402-7595162-9129931,2022-04-30,Shipped,Amazon,Amazon.in,Expedited,Set268,SET268-KR-NP-L,Set,L,B08XQ8MCKP,Shipped,1,Inr,788.0,MUMBAI,MAHARASHTRA,400076.0,IN,,False,,,2022,4,April,17,2,<bound method PandasDelegate._add_delegate_accessors.<locals>._create_delegator_method.<locals>.f of <pandas.core.indexes.accessors.DatetimeProperties object at 0x000001CA362C6300>>,B2C,788.0,Single (1),0,0,4.0
45,171-6876154-6233146,2022-04-30,Shipped,Amazon,Amazon.in,Expedited,Set183,SET183-KR-DH-S,Set,S,B08B3Z38TJ,Shipped,1,Inr,759.0,KOLKATA,WEST BENGAL,700014.0,IN,IN Core Free Shipping 2015/04/08 23-48-5-108,False,,,2022,4,April,17,2,<bound method PandasDelegate._add_delegate_accessors.<locals>._create_delegator_method.<locals>.f of <pandas.core.indexes.accessors.DatetimeProperties object at 0x000001CA362C6300>>,B2C,759.0,Single (1),0,0,2.0
46,408-3917043-5314763,2022-04-30,Shipped,Amazon,Amazon.in,Expedited,J0230,J0230-SKD-L,Set,L,B08XNDL1DL,Shipped,1,Inr,1146.0,ONGOLE,ANDHRA PRADESH,523001.0,IN,,False,,,2022,4,April,17,2,<bound method PandasDelegate._add_delegate_accessors.<locals>._create_delegator_method.<locals>.f of <pandas.core.indexes.accessors.DatetimeProperties object at 0x000001CA362C6300>>,B2C,1146.0,Single (1),0,0,4.0
47,408-9281152-6213100,2022-04-30,Shipped,Amazon,Amazon.in,Expedited,Jne3744,JNE3744-TU-S,Top,S,B0986ZHR9D,Shipped,1,Inr,665.0,SECUNDERABAD,TELANGANA,500017.0,IN,IN Core Free Shipping 2015/04/08 23-48-5-108,False,,,2022,4,April,17,2,<bound method PandasDelegate._add_delegate_accessors.<locals>._create_delegator_method.<locals>.f of <pandas.core.indexes.accessors.DatetimeProperties object at 0x000001CA362C6300>>,B2C,665.0,Single (1),0,0,2.0
48,403-3496411-3082707,2022-04-30,Shipped,Amazon,Amazon.in,Expedited,Jne3510,JNE3510-KR-S,Kurta,S,B08WPTJBBD,Shipped,1,Inr,429.0,HYDERABAD,TELANGANA,500062.0,IN,IN Core Free Shipping 2015/04/08 23-48-5-108,False,,,2022,4,April,17,2,<bound method PandasDelegate._add_delegate_accessors.<locals>._create_delegator_method.<locals>.f of <pandas.core.indexes.accessors.DatetimeProperties object at 0x000001CA362C6300>>,B2C,429.0,Single (1),0,0,2.0
49,171-9208368-0157156,2022-04-30,Shipped - Delivered To Buyer,Merchant,Amazon.in,Standard,Jne3405,JNE3405-KR-M,Kurta,M,B081WVMMCY,Shipped,1,Inr,399.0,KEWALPUR,UTTAR PRADESH,271881.0,IN,"Amazon PLCC Free-Financing Universal Merchant AAT-WNKTBO3K27EJC,Amazon PLCC Free-Financing Universal Merchant AAT-QX3UCCJESKPA2,Amazon PLCC Free-Financing Universal Merchant AAT-5QQ7BIYYQEDN2,Amazon PLCC Free-Financing Universal Merchant AAT-DSJ2QRXXWXVMQ,Amazon PLCC Free-Financing Universal Merchant AAT-CXJHMC2YJUK76,Amazon PLCC Free-Financing Universal Merchant AAT-CC4FAVTYR4X7C,Amazon PLCC Free-Financing Universal Merchant AAT-XXRCW6NZEPZI4,Amazon PLCC Free-Financing Universal Merchant AAT-EOKPWFWYW7Y6I,Amazon PLCC Free-Financing Universal Merchant AAT-ZYL5UPUNW6T62,Amazon PLCC Free-Financing Universal Merchant AAT-ETXQ3XXWMRXBG,Amazon PLCC Free-Financing Universal Merchant AAT-7X3XCTYG64VBE,Amazon PLCC Free-Financing Universal Merchant AAT-7CHGD3WTS3MHM,Amazon PLCC Free-Financing Universal Merchant AAT-26ZDKNME27X42,Amazon PLCC Free-Financing Universal Merchant AAT-4ZF5KN6E4LJK4,Amazon PLCC Free-Financing Universal Merchant AAT-7RCXIKUAX7DDY,Amazon PLCC Free-Financing Universal Merchant AAT-TNYBHEAO7HOHO,Amazon PLCC Free-Financing Universal Merchant AAT-BRSZZ45H6MHAO,Amazon PLCC Free-Financing Universal Merchant AAT-MKLXOOZWQL7GO,Amazon PLCC Free-Financing Universal Merchant AAT-CB7UNXEXGIJTC,Amazon PLCC Free-Financing Universal Merchant #MP-gzasho-1593152694811,Amazon PLCC Free-Financing Universal Merchant AAT-WLBA4GZ52EAH4,Amazon PLCC Free-Financing Universal Merchant AAT-QMFZ3M7T5NPDS,Amazon PLCC Free-Financing Universal Merchant #MP-pmilan-1601980554292",False,Easy Ship,,2022,4,April,17,2,<bound method PandasDelegate._add_delegate_accessors.<locals>._create_delegator_method.<locals>.f of <pandas.core.indexes.accessors.DatetimeProperties object at 0x000001CA362C6300>>,B2C,399.0,Single (1),0,0,3.0
50,408-2137113-0982751,2022-04-30,Shipped,Amazon,Amazon.in,Expedited,J0186,J0186-SET-S,Set,S,B091Z81MLX,Shipped,1,Inr,848.0,CUTTACK,ODISHA,753012.0,IN,IN Core Free Shipping 2015/04/08 23-48-5-108,False,,,2022,4,April,17,2,<bound method PandasDelegate._add_delegate_accessors.<locals>._create_delegator_method.<locals>.f of <pandas.core.indexes.accessors.DatetimeProperties object at 0x000001CA362C6300>>,B2C,848.0,Single (1),0,0,2.0
51,402-3628566-9688333,2022-04-30,Shipped,Amazon,Amazon.in,Expedited,J0003,J0003-SET-M,Set,M,B0894XH3LN,Shipped,1,Inr,654.0,BADLAPUR,MAHARASHTRA,421503.0,IN,IN Core Free Shipping 2015/04/08 23-48-5-108,False,,,2022,4,April,17,2,<bound method PandasDelegate._add_delegate_accessors.<locals>._create_delegator_method.<locals>.f of <pandas.core.indexes.accessors.DatetimeProperties object at 0x000001CA362C6300>>,B2C,654.0,Single (1),0,0,3.0
52,408-7138000-9728362,2022-04-30,Shipped,Amazon,Amazon.in,Expedited,Set282,SET282-KR-PP-M,Set,M,B09CTCDDQ4,Shipped,1,Inr,1033.0,dimapur,NAGALAND,797112.0,IN,IN Core Free Shipping 2015/04/08 23-48-5-108,False,,,2022,4,April,17,2,<bound method PandasDelegate._add_delegate_accessors.<locals>._create_delegator_method.<locals>.f of <pandas.core.indexes.accessors.DatetimeProperties object at 0x000001CA362C6300>>,B2C,1033.0,Single (1),0,0,3.0
53,402-1752649-2274748,2022-04-30,Shipped,Amazon,Amazon.in,Expedited,Jne1407,JNE1407-BLACK-KR-UDF18-XL,Kurta,Xl,B01M4IAS51,Shipped,1,Inr,390.0,BENGALURU,KARNATAKA,560047.0,IN,,False,,,2022,4,April,17,2,<bound method PandasDelegate._add_delegate_accessors.<locals>._create_delegator_method.<locals>.f of <pandas.core.indexes.accessors.DatetimeProperties object at 0x000001CA362C6300>>,B2C,390.0,Single (1),0,0,99.0
54,402-7944191-1869101,2022-04-30,Shipped,Amazon,Amazon.in,Expedited,J0301,J0301-TP-L,Top,L,B099S6795L,Shipped,1,Inr,493.0,BENGALURU,KARNATAKA,560076.0,IN,IN Core Free Shipping 2015/04/08 23-48-5-108,False,,,2022,4,April,17,2,<bound method PandasDelegate._add_delegate_accessors.<locals>._create_delegator_method.<locals>.f of <pandas.core.indexes.accessors.DatetimeProperties object at 0x000001CA362C6300>>,B2C,493.0,Single (1),0,0,4.0
